1normal_floodfill.jpg,3,48611
1normal_floodfill.jpg,9,37032
1normal_floodfill.jpg,21,15063
1normal_floodfill.jpg,63,591
23twenty_three_hours_floodfill.jpg,3,30706
23twenty_three_hours_floodfill.jpg,9,21592
23twenty_three_hours_floodfill.jpg,21,8612
23twenty_three_hours_floodfill.jpg,63,2514
28twenty_eight_hours_floodfill.jpg,3,63249
28twenty_eight_hours_floodfill.jpg,9,46060
28twenty_eight_hours_floodfill.jpg,21,13556
28twenty_eight_hours_floodfill.jpg,63,396
48forty_eight_hours_floodfill.jpg,3,56906
48forty_eight_hours_floodfill.jpg,9,40161
48forty_eight_hours_floodfill.jpg,21,12897
48forty_eight_hours_floodfill.jpg,63,933
68sixty_eight_hours_floodfill.jpg,3,57635
68sixty_eight_hours_floodfill.jpg,9,41662
68sixty_eight_hours_floodfill.jpg,21,12557
68sixty_eight_hours_floodfill.jpg,63,933
75seventy_five_hours_floodfill.jpg,3,53059
75seventy_five_hours_floodfill.jpg,9,40152
75seventy_five_hours_floodfill.jpg,21,12895
75seventy_five_hours_floodfill.jpg,63,1171
144six_days_floodfill.jpg,3,37065
144six_days_floodfill.jpg,9,30690
144six_days_floodfill.jpg,21,16599
144six_days_floodfill.jpg,63,1357
