1normal_floodfill.jpg,120,53727
1normal_floodfill.jpg,178,3108
1normal_floodfill.jpg,176,3463
1normal_floodfill.jpg,160,8057
1normal_floodfill.jpg,152,12069
1normal_floodfill.jpg,168,5345
23twenty_three_hours_floodfill.jpg,120,2154
23twenty_three_hours_floodfill.jpg,178,32885
23twenty_three_hours_floodfill.jpg,176,33608
23twenty_three_hours_floodfill.jpg,160,34334
23twenty_three_hours_floodfill.jpg,152,29447
23twenty_three_hours_floodfill.jpg,168,35038
28twenty_eight_hours_floodfill.jpg,120,1354
28twenty_eight_hours_floodfill.jpg,178,74548
28twenty_eight_hours_floodfill.jpg,176,73367
28twenty_eight_hours_floodfill.jpg,160,25556
28twenty_eight_hours_floodfill.jpg,152,9453
28twenty_eight_hours_floodfill.jpg,168,52521
48forty_eight_hours_floodfill.jpg,120,2074
48forty_eight_hours_floodfill.jpg,178,53528
48forty_eight_hours_floodfill.jpg,176,56254
48forty_eight_hours_floodfill.jpg,160,61098
48forty_eight_hours_floodfill.jpg,152,39918
48forty_eight_hours_floodfill.jpg,168,64165
68sixty_eight_hours_floodfill.jpg,120,2448
68sixty_eight_hours_floodfill.jpg,178,58136
68sixty_eight_hours_floodfill.jpg,176,59464
68sixty_eight_hours_floodfill.jpg,160,64250
68sixty_eight_hours_floodfill.jpg,152,58383
68sixty_eight_hours_floodfill.jpg,168,63086
75seventy_five_hours_floodfill.jpg,120,1346
75seventy_five_hours_floodfill.jpg,178,60351
75seventy_five_hours_floodfill.jpg,176,61561
75seventy_five_hours_floodfill.jpg,160,37460
75seventy_five_hours_floodfill.jpg,152,13595
75seventy_five_hours_floodfill.jpg,168,57001
144six_days_floodfill.jpg,120,1829
144six_days_floodfill.jpg,178,41521
144six_days_floodfill.jpg,176,42385
144six_days_floodfill.jpg,160,40264
144six_days_floodfill.jpg,152,31303
144six_days_floodfill.jpg,168,43402